Feature,Classifier,Parameter,Value,lowercase,stop_words,analyzer,ngram_range,max_features,Evaluation split,Precision,Recall,F1-Score,Accuracy,Vectorize train (s),Vectorize validation (s),Fit (s),Predict (s)
TF-IDF Vectorizer,Linear SVC,lowercase,True,True,,word,"(1, 1)",,validation,0.9236729412619111,0.9218153217804627,0.9224354809552219,0.9231109147149801,1.058243989944458,0.23634099960327148,0.9278659820556641,0.004648923873901367
TF-IDF Vectorizer,Linear SVC,lowercase,False,False,,word,"(1, 1)",,validation,0.927543911291469,0.9253134718700761,0.92605744517652,0.926646045072912,1.136206865310669,0.23613786697387695,1.0675420761108398,0.0047321319580078125
TF-IDF Vectorizer,Linear SVC,stop_words,None,True,,word,"(1, 1)",,validation,0.9236729412619111,0.9218153217804627,0.9224354809552219,0.9231109147149801,1.0555660724639893,0.22716712951660156,0.9285120964050293,0.004690885543823242
TF-IDF Vectorizer,Linear SVC,stop_words,english,True,english,word,"(1, 1)",,validation,0.9252167289639444,0.9227639886996586,0.9235867489000109,0.9244365885992046,1.0317928791046143,0.24480319023132324,0.7273509502410889,0.0031096935272216797
TF-IDF Vectorizer,Linear SVC,analyzer_ngram,"('word', (1, 1))",True,,word,"(1, 1)",,validation,0.9236729412619111,0.9218153217804627,0.9224354809552219,0.9231109147149801,1.0703959465026855,0.23720192909240723,0.952765941619873,0.004611015319824219
TF-IDF Vectorizer,Linear SVC,analyzer_ngram,"('word', (1, 2))",True,,word,"(1, 2)",,validation,0.9253956805852809,0.9233260593194339,0.924001895271941,0.9244365885992046,4.176535129547119,0.621074914932251,4.07192587852478,0.04400897026062012
TF-IDF Vectorizer,Linear SVC,analyzer_ngram,"('char', (3, 5))",True,,char,"(3, 5)",,validation,0.9191718497164153,0.9165765723236333,0.9174635145368173,0.9182501104728237,24.97237992286682,4.8301682472229,31.642243146896362,0.3177058696746826
TF-IDF Vectorizer,Linear SVC,max_features,None,True,,word,"(1, 1)",,validation,0.9236729412619111,0.9218153217804627,0.9224354809552219,0.9231109147149801,1.2815470695495605,0.250978946685791,1.0872409343719482,0.006745815277099609
TF-IDF Vectorizer,Linear SVC,max_features,1000,True,,word,"(1, 1)",1000.0,validation,0.762985130719495,0.7619664369284395,0.7617856663793452,0.7671232876712328,1.0848300457000732,0.21831297874450684,0.8542120456695557,0.0018982887268066406
TF-IDF Vectorizer,Linear SVC,max_features,5000,True,,word,"(1, 1)",5000.0,validation,0.8800025500650923,0.8776300550830936,0.8784398164866888,0.8793636765355722,1.122920036315918,0.23242902755737305,1.2888178825378418,0.0024251937866210938
TF-IDF Vectorizer,Linear SVC,max_features,10000,True,,word,"(1, 1)",10000.0,validation,0.9009157118907805,0.8979802593668845,0.8990299217497624,0.8996906760936809,1.114609956741333,0.24405694007873535,0.6503219604492188,0.0026879310607910156
TF-IDF Vectorizer,Linear SVC,max_features,20000,True,,word,"(1, 1)",20000.0,validation,0.9160165416263298,0.9134347525652945,0.9142865666897695,0.9147149801148917,1.166410207748413,0.231903076171875,0.8201031684875488,0.003403186798095703
