Feature,Classifier,Precision,Recall,F1-Score,Accuracy,Vectorize train (s),Vectorize validation (s),Evaluation split,Fit (s),Predict (s)
Count Vectorizer,Logistic Regression,0.8689357283555648,0.8645992713415218,0.8662076277077398,0.866548828988069,1.0693600177764893,0.23461294174194336,validation,32.225334882736206,0.006439924240112305
Count Vectorizer,Multinomial NB,0.8548014997637461,0.832171602489441,0.8183745569585023,0.8360583296509059,1.0693600177764893,0.23461294174194336,validation,0.04485893249511719,0.007483005523681641
Count Vectorizer,Linear SVC,0.8720217348308543,0.8689577336147879,0.870071948465611,0.8696420680512594,1.0693600177764893,0.23461294174194336,validation,8.568818807601929,0.00551295280456543
Count Vectorizer,Ridge Classifier,0.8646021442892945,0.8598137675242832,0.8609965476410071,0.8590366769774636,1.0693600177764893,0.23461294174194336,validation,155.9675588607788,0.009967803955078125
Count Vectorizer,Complement NB,0.9033530805429182,0.895489724769751,0.8950333739756111,0.898806893504198,1.0693600177764893,0.23461294174194336,validation,0.05097389221191406,0.006022214889526367
TF Vectorizer,Logistic Regression,0.8046473339588326,0.7919905867300254,0.7937748489734828,0.8002651347768449,1.1889760494232178,0.244035005569458,validation,9.796987056732178,0.005444765090942383
TF Vectorizer,Multinomial NB,0.7814106346889097,0.7393551986065111,0.7279981314512775,0.7631462660185594,1.1889760494232178,0.244035005569458,validation,0.04440879821777344,0.005443096160888672
TF Vectorizer,Linear SVC,0.8984681062202314,0.8944937286134012,0.895744494544506,0.8983650022094565,1.1889760494232178,0.244035005569458,validation,1.1492500305175781,0.004998922348022461
TF Vectorizer,Ridge Classifier,0.8971254099245606,0.8908122786242169,0.8925946963806292,0.8957136544410075,1.1889760494232178,0.244035005569458,validation,2.7293457984924316,0.005412101745605469
TF Vectorizer,Complement NB,0.8937937090347928,0.8775986172135941,0.8778177702061942,0.8886433937251436,1.1889760494232178,0.244035005569458,validation,0.0279238224029541,0.0051958560943603516
TF-IDF Vectorizer,Logistic Regression,0.8943822108035666,0.8861793758999778,0.8887577808110103,0.8908528501988511,1.1769189834594727,0.23890209197998047,validation,8.279776811599731,0.006512880325317383
TF-IDF Vectorizer,Multinomial NB,0.8754414593436074,0.8285529818975433,0.828664232406517,0.8435704816615113,1.1769189834594727,0.23890209197998047,validation,0.04122185707092285,0.005676984786987305
TF-IDF Vectorizer,Linear SVC,0.9236729412619111,0.9218153217804627,0.9224354809552219,0.9231109147149801,1.1769189834594727,0.23890209197998047,validation,1.0017211437225342,0.005130767822265625
TF-IDF Vectorizer,Ridge Classifier,0.921936460780054,0.9196150149480149,0.9204300266936153,0.9213433495360142,1.1769189834594727,0.23890209197998047,validation,1.6309142112731934,0.005549907684326172
TF-IDF Vectorizer,Complement NB,0.912897083534413,0.9047770375961866,0.9055306510535862,0.9107379584622183,1.1769189834594727,0.23890209197998047,validation,0.030137062072753906,0.005439043045043945
